"","id","region_2017"
"1",1,"Республика Адыгея"
"2",100,"Кемеровская область"
"3",10000001,NA
"4",10000004,"Краснодарский край"
"5",10000007,NA
"6",10000009,"Алтайский край"
"7",10000010,"Алтайский край"
"8",10000013,"Алтайский край"
"9",10000014,"Алтайский край"
"10",10000015,"Алтайский край"
"11",10000016,"Алтайский край"
"12",10000017,NA
"13",10000020,"Еврейская автономная область"
"14",10000035,"Астраханская область"
"15",10000037,"Забайкальский край"
"16",10000038,"Иркутская область"
"17",10000039,"Иркутская область"
"18",10000040,NA
"19",10000046,"Республика Башкортостан"
"20",10000047,"Республика Башкортостан"
"21",10000048,"Республика Башкортостан"
"22",10000049,"Республика Башкортостан"
"23",10000050,"Белгородская область"
"24",10000052,"Ставропольский край"
"25",10000053,NA
"26",10000055,"Белгородская область"
"27",10000056,NA
"28",10000064,NA
"29",10000068,"Брянская область"
"30",10000070,NA
"31",10000072,NA
"32",10000074,"Приморский край"
"33",10000075,"Приморский край"
"34",10000080,NA
"35",10000082,"Владимирская область"
"36",10000088,NA
"37",10000090,"Волгоградская область"
"38",10000092,"Волгоградская область"
"39",10000093,"Волгоградская область"
"40",10000097,NA
"41",10000099,"Волгоградская область"
"42",10000104,NA
"43",10000108,"Воронежская область"
"44",10000114,NA
"45",10000116,NA
"46",10000150,"г.Москва"
"47",10000152,NA
"48",10000153,NA
"49",10000154,NA
"50",10000155,NA
"51",10000156,NA
"52",10000157,NA
"53",10000160,"Удмуртская Республика"
"54",10000171,NA
"55",10000172,"Белгородская область"
"56",10000173,"Оренбургская область"
"57",10000174,"Нижегородская область"
"58",10000177,NA
"59",10000182,"Республика Дагестан"
"60",10000185,NA
"61",10000193,"Республика Дагестан"
"62",10000194,"Республика Дагестан"
"63",10000195,"Республика Дагестан"
"64",10000196,NA
"65",10000197,"Республика Дагестан"
"66",10000224,NA
"67",10000226,NA
"68",10000228,NA
"69",10000229,NA
"70",10000230,NA
"71",10000233,"Приморский край"
"72",10000236,"Ростовская область"
"73",10000238,"Ростовская область"
"74",10000239,"Ростовская область"
"75",10000254,"Удмуртская Республика"
"76",10000255,"Удмуртская Республика"
"77",10000256,"Удмуртская Республика"
"78",10000257,"Пермский край"
"79",10000266,"Иркутская область"
"80",10000267,NA
"81",10000272,NA
"82",10000273,"Республика Татарстан"
"83",10000274,"Республика Татарстан"
"84",10000275,NA
"85",10000276,NA
"86",10000279,"Республика Татарстан"
"87",10000280,"Республика Татарстан"
"88",10000281,"Республика Татарстан"
"89",10000284,"Республика Татарстан"
"90",10000285,NA
"91",10000286,"Республика Татарстан"
"92",10000288,"Республика Татарстан"
"93",10000289,NA
"94",10000299,NA
"95",10000305,"Кемеровская область"
"96",10000306,"Кемеровская область"
"97",10000307,"Кемеровская область"
"98",10000308,NA
"99",10000314,NA
"100",10000317,NA
"101",10000318,NA
"102",10000321,NA
"103",10000322,NA
"104",10000323,NA
"105",10000331,"Краснодарский край"
"106",10000332,"Краснодарский край"
"107",10000336,"Краснодарский край"
"108",10000337,"Краснодарский край"
"109",10000338,"Краснодарский край"
"110",10000339,"Краснодарский край"
"111",10000340,NA
"112",10000343,NA
"113",10000346,NA
"114",10000347,NA
"115",10000348,NA
"116",10000349,"Краснодарский край"
"117",10000356,"Кемеровская область"
"118",10000357,"Кемеровская область"
"119",10000358,"Кемеровская область"
"120",10000359,"Кемеровская область"
"121",10000360,"Кемеровская область"
"122",10000361,NA
"123",10000369,NA
"124",10000371,"Республика Башкортостан"
"125",10000374,"Республика Адыгея"
"126",10000376,NA
"127",10000377,NA
"128",10000383,"Республика Мордовия"
"129",10000384,"Республика Мордовия"
"130",10000388,"Вологодская область"
"131",10000389,"Оренбургская область"
"132",10000390,"Кировская область"
"133",10000391,NA
"134",10000392,NA
"135",10000396,"Московская область"
"136",10000397,"Астраханская область"
"137",10000399,"Московская область"
"138",10000400,"Республика Дагестан"
"139",10000401,NA
"140",10000402,"Чувашская Республика"
"141",10000404,"Ставропольский край"
"142",10000426,NA
"143",10000428,NA
"144",10000429,NA
"145",10000430,NA
"146",10000431,NA
"147",10000432,"Челябинская область"
"148",10000433,"Свердловская область"
"149",10000434,"Челябинская область"
"150",10000436,NA
"151",10000437,NA
"152",10000438,NA
"153",10000472,"Московская область"
"154",10000474,NA
"155",10000475,NA
"156",10000476,NA
"157",10000479,"Калужская область"
"158",10000481,"Московская область"
"159",10000487,"Новосибирская область"
"160",10000495,NA
"161",10000496,NA
"162",10000497,NA
"163",10000498,NA
"164",10000499,NA
"165",10000500,NA
"166",10000501,NA
"167",10000502,NA
"168",10000503,NA
"169",10000504,NA
"170",10000508,"Ростовская область"
"171",10000509,"Смоленская область"
"172",10000511,"Республика Башкортостан"
"173",10000514,NA
"174",10000515,"Брянская область"
"175",10000516,NA
"176",10000517,NA
"177",10000519,"Липецкая область"
"178",10000521,"Пензенская область"
"179",10000526,"Московская область"
"180",10000536,NA
"181",10000539,NA
"182",10000540,NA
"183",10000547,NA
"184",10000549,NA
"185",10000550,NA
"186",10000552,NA
"187",10000553,NA
"188",10000554,NA
"189",10000558,"Волгоградская область"
"190",10000565,NA
"191",10000568,"Нижегородская область"
"192",10000569,"Нижегородская область"
"193",10000571,NA
"194",10000572,NA
"195",10000574,"Нижегородская область"
"196",10000575,NA
"197",10000576,"Нижегородская область"
"198",10000577,NA
"199",10000578,"Нижегородская область"
"200",10000579,NA
"201",10000581,NA
"202",10000582,NA
"203",10000590,NA
"204",10000593,NA
"205",10000597,NA
"206",10000598,NA
"207",10000600,"Новосибирская область"
"208",10000618,"Омская область"
"209",10000622,NA
"210",10000623,NA
"211",10000624,NA
"212",10000629,NA
"213",10000631,"Оренбургская область"
"214",10000632,NA
"215",10000633,"Оренбургская область"
"216",10000634,NA
"217",10000635,NA
"218",10000636,"Республика Башкортостан"
"219",10000646,NA
"220",10000647,NA
"221",10000648,NA
"222",10000652,NA
"223",10000653,"Пензенская область"
"224",10000656,NA
"225",10000657,NA
"226",10000658,NA
"227",10000666,"Пермский край"
"228",10000667,"Пермский край"
"229",10000668,"Пермский край"
"230",10000670,NA
"231",10000687,"Псковская область"
"232",10000699,NA
"233",10000705,"Краснодарский край"
"234",10000706,NA
"235",10000708,NA
"236",10000709,NA
"237",10000710,NA
"238",10000711,NA
"239",10000712,"Ставропольский край"
"240",10000714,NA
"241",10000715,NA
"242",10000716,"Ленинградская область"
"243",10000717,NA
"244",10000720,NA
"245",10000721,NA
"246",10000723,NA
"247",10000725,NA
"248",10000726,NA
"249",10000727,NA
"250",10000728,NA
"251",10000729,NA
"252",10000730,NA
"253",10000731,NA
"254",10000732,NA
"255",10000733,"Московская область"
"256",10000734,NA
"257",10000739,NA
"258",10000740,NA
"259",10000741,NA
"260",10000743,"Республика Дагестан"
"261",10000744,"Ленинградская область"
"262",10000745,"Ленинградская область"
"263",10000747,"Кемеровская область"
"264",10000748,"Ханты-Мансийский автономный округ"
"265",10000750,"Омская область"
"266",10000751,NA
"267",10000752,NA
"268",10000754,NA
"269",10000756,NA
"270",10000757,NA
"271",10000758,NA
"272",10000759,NA
"273",10000760,"Московская область"
"274",10000762,NA
"275",10000763,NA
"276",10000766,NA
"277",10000767,NA
"278",10000768,NA
"279",10000769,"Московская область"
"280",10000770,NA
"281",10000771,"Курская область"
"282",10000772,NA
"283",10000773,NA
"284",10000775,NA
"285",10000776,NA
"286",10000777,NA
"287",10000778,NA
"288",10000780,"Московская область"
"289",10000781,NA
"290",10000782,NA
"291",10000783,NA
"292",10000784,NA
"293",10000785,NA
"294",10000786,NA
"295",10000787,NA
"296",10000788,NA
"297",10000789,NA
"298",10000790,NA
"299",10000792,NA
"300",10000793,NA
"301",10000794,NA
"302",10000795,NA
"303",10000796,NA
"304",10000797,NA
"305",10000804,NA
"306",10000806,NA
"307",10000807,NA
"308",10000813,"Оренбургская область"
"309",10000819,"Тульская область"
"310",10000820,"Республика Башкортостан"
"311",10000831,"Оренбургская область"
"312",10000835,NA
"313",10000837,NA
"314",10000838,"Республика Дагестан"
"315",10000839,NA
"316",10000841,NA
"317",10000844,NA
"318",10000845,"г.Москва"
"319",10000856,NA
"320",10000857,"Омская область"
"321",10000858,NA
"322",10000860,NA
"323",10000862,"Краснодарский край"
"324",10000863,NA
"325",10000864,"Пермский край"
"326",10000865,NA
"327",10000866,NA
"328",10000868,"Тульская область"
"329",10000874,NA
"330",10000875,"Ростовская область"
"331",10000876,NA
"332",10000877,"Карачаево-Черкесская Республика"
"333",10000879,NA
"334",10000884,NA
"335",10000886,"Ставропольский край"
"336",10000888,"Республика Дагестан"
"337",10000891,"Ярославская область"
"338",10000897,NA
"339",10000898,NA
"340",10000903,"Самарская область"
"341",10000908,NA
"342",10000909,"Самарская область"
"343",10000912,"Республика Коми"
"344",10000917,NA
"345",10000936,NA
"346",10000937,NA
"347",10000938,"Ленинградская область"
"348",10000950,"Ленинградская область"
"349",10000951,NA
"350",10000980,"Астраханская область"
"351",10000981,"Саратовская область"
"352",10000983,NA
"353",10000984,"Смоленская область"
"354",10000987,NA
"355",10000988,NA
"356",10000989,NA
"357",10000993,NA
"358",10000994,"Саратовская область"
"359",10001034,NA
"360",10001035,"Ставропольский край"
"361",10001036,"Ставропольский край"
"362",10001037,NA
"363",10001038,NA
"364",10001039,NA
"365",10001048,NA
"366",10001050,NA
"367",10001057,NA
"368",10001064,NA
"369",10001067,"Красноярский край"
"370",10001068,"Республика Хакасия"
"371",10001069,NA
"372",10001070,NA
"373",10001074,NA
"374",10001082,"Краснодарский край"
"375",10001083,NA
"376",10001087,NA
"377",10001104,NA
"378",10001105,NA
"379",10001107,NA
"380",10001109,NA
"381",10001110,NA
"382",10001113,"Тверская область"
"383",10001114,"Тверская область"
"384",10001127,NA
"385",10001128,"Кемеровская область"
"386",10001129,NA
"387",10001131,NA
"388",10001132,NA
"389",10001152,NA
"390",10001153,"Новосибирская область"
"391",10001156,NA
"392",10001159,NA
"393",10001161,"Кемеровская область"
"394",10001167,NA
"395",10001192,"Ямало-Ненецкий автономный округ"
"396",10001194,NA
"397",10001196,NA
"398",10001197,NA
"399",10001198,"Ханты-Мансийский автономный округ"
"400",10001199,"Ханты-Мансийский автономный округ"
"401",10001201,NA
"402",10001202,NA
"403",10001203,NA
"404",10001204,"Тюменская область"
"405",10001205,"Тюменская область"
"406",10001207,NA
"407",10001209,"Пермский край"
"408",10001210,"Ямало-Ненецкий автономный округ"
"409",10001211,"Свердловская область"
"410",10001212,"Удмуртская Республика"
"411",10001213,"Удмуртская Республика"
"412",10001219,"Ульяновская область"
"413",10001232,NA
"414",10001236,NA
"415",10001238,NA
"416",10001242,NA
"417",10001244,NA
"418",10001246,NA
"419",10001247,"Свердловская область"
"420",10001248,NA
"421",10001249,"Свердловская область"
"422",10001250,"Свердловская область"
"423",10001252,NA
"424",10001253,NA
"425",10001254,"Свердловская область"
"426",10001255,NA
"427",10001256,NA
"428",10001257,NA
"429",10001263,NA
"430",10001264,NA
"431",10001265,NA
"432",10001266,NA
"433",10001270,NA
"434",10001271,NA
"435",10001273,"Республика Башкортостан"
"436",10001274,"Республика Башкортостан"
"437",10001275,"Республика Башкортостан"
"438",10001276,"Республика Башкортостан"
"439",10001278,"Республика Башкортостан"
"440",10001280,"Республика Башкортостан"
"441",10001281,"Республика Башкортостан"
"442",10001282,"Республика Башкортостан"
"443",10001284,"Республика Коми"
"444",10001285,"Республика Коми"
"445",10001295,NA
"446",10001297,"Челябинская область"
"447",10001298,"Челябинская область"
"448",10001311,NA
"449",10001312,"Чувашская Республика"
"450",10001313,NA
"451",10001325,NA
"452",10001326,"Ростовская область"
"453",10001327,NA
"454",10001328,"Ростовская область"
"455",10001329,NA
"456",10001340,"Челябинская область"
"457",10001341,"Челябинская область"
"458",10001342,"Челябинская область"
"459",10001343,"Ханты-Мансийский автономный округ"
"460",10001344,"Челябинская область"
"461",10001345,"Челябинская область"
"462",10001348,"Челябинская область"
"463",10001350,"Челябинская область"
"464",10001351,"Челябинская область"
"465",10001354,"Ростовская область"
"466",10001355,NA
"467",10001358,"Карачаево-Черкесская Республика"
"468",10001361,"Ростовская область"
"469",10001363,NA
"470",10001364,"Краснодарский край"
"471",10001367,"Республика Дагестан"
"472",10001373,NA
"473",10001378,"Республика Саха (Якутия)"
"474",10001379,"Республика Саха (Якутия)"
"475",10001381,NA
"476",10001382,NA
"477",10001395,NA
"478",10001398,NA
"479",10001400,NA
"480",10001454,NA
"481",10001728,NA
"482",10001816,NA
"483",10001818,"Оренбургская область"
"484",10001819,"Орловская область"
"485",10001820,"Пермский край"
"486",10001821,"Камчатский край"
"487",10001822,"Саратовская область"
"488",10001824,NA
"489",10001825,NA
"490",10001826,"Республика Мордовия"
"491",10001827,NA
"492",10001828,"г.Санкт-Петербург"
"493",10001829,"Ставропольский край"
"494",10001830,"Новосибирская область"
"495",10001831,"Смоленская область"
"496",10001832,"Ленинградская область"
"497",10001833,"Ставропольский край"
"498",10001834,"Тамбовская область"
"499",10001835,NA
"500",10001836,"Тверская область"
"501",10001837,NA
"502",10001838,"Томская область"
"503",10001839,"Тульская область"
"504",10001840,NA
"505",10001841,"Ульяновская область"
"506",10001842,"Свердловская область"
"507",10001843,NA
"508",10001844,"Чувашская Республика"
"509",10001845,"Челябинская область"
"510",10001846,"Забайкальский край"
"511",10001847,"Ростовская область"
"512",10001848,NA
"513",10001849,"Волгоградская область"
"514",10001986,NA
"515",10002003,"Красноярский край"
"516",10002031,"Тюменская область"
"517",10002088,"Пермский край"
"518",10002091,NA
"519",10002097,"Красноярский край"
"520",10002098,"Краснодарский край"
"521",10002099,NA
"522",10002100,"Новосибирская область"
"523",10002101,NA
"524",10002133,"Краснодарский край"
"525",10002185,"Самарская область"
"526",10002416,"Ставропольский край"
"527",10002632,NA
"528",10002633,"Смоленская область"
"529",10002672,NA
"530",10002690,NA
"531",10002691,NA
"532",10002692,NA
"533",10002693,NA
"534",10002752,NA
"535",10003011,"Иркутская область"
"536",10003239,NA
"537",10003240,"Республика Хакасия"
"538",10003243,NA
"539",10003251,NA
"540",10003261,"Калужская область"
"541",10003264,NA
"542",10003267,"Пермский край"
"543",10003270,NA
"544",10003272,"Краснодарский край"
"545",10003273,"Ставропольский край"
"546",10003276,"Брянская область"
"547",10003277,"Самарская область"
"548",10003279,NA
"549",10003280,"Краснодарский край"
"550",10003281,NA
"551",10003282,"Кемеровская область"
"552",10003283,"Сахалинская область"
"553",10003288,NA
"554",10003291,"Ивановская область"
"555",10003301,NA
"556",10003304,NA
"557",10003305,"Краснодарский край"
"558",10003306,"Свердловская область"
"559",10003307,"Нижегородская область"
"560",10003308,"Томская область"
"561",10003309,"Челябинская область"
"562",10003310,"Ростовская область"
"563",10003313,"Воронежская область"
"564",10003317,NA
"565",10003318,"Волгоградская область"
"566",10003321,NA
"567",10003323,"Приморский край"
"568",10003326,NA
"569",10003327,"Приморский край"
"570",10003328,NA
"571",10003329,"Приморский край"
"572",10003330,"Приморский край"
"573",10003331,NA
"574",10003332,"Архангельская область"
"575",10003333,"Архангельская область"
"576",10003334,"Чукотский автономный округ"
"577",10003337,"Ульяновская область"
"578",10003401,"Краснодарский край"
"579",10003402,"Ростовская область"
"580",10003404,"Ямало-Ненецкий автономный округ"
"581",10003405,"Ханты-Мансийский автономный округ"
"582",10003406,"Тюменская область"
"583",10003407,"Ханты-Мансийский автономный округ"
"584",10003408,NA
"585",10003409,NA
"586",10003410,NA
"587",10003412,NA
"588",10003413,NA
"589",10003415,NA
"590",10003417,NA
"591",10003418,NA
"592",10003422,"Московская область"
"593",10003423,"Владимирская область"
"594",10003426,NA
"595",10003427,NA
"596",10003428,"Ульяновская область"
"597",10005007,"Калужская область"
"598",10006325,NA
"599",10006342,NA
"600",10006343,NA
"601",10006344,NA
"602",10006509,NA
"603",10006514,NA
"604",10006515,NA
"605",10006516,NA
"606",10006517,"Смоленская область"
"607",10006518,NA
"608",10006519,NA
"609",10006520,NA
"610",10006521,NA
"611",10006522,"Саратовская область"
"612",10006523,NA
"613",10006524,NA
"614",10006525,NA
"615",10006527,"Республика Татарстан"
"616",10006528,"Приморский край"
"617",10006529,"Московская область"
"618",10006530,"Республика Коми"
"619",10006531,"Ставропольский край"
"620",10006532,"Мурманская область"
"621",10006537,"Омская область"
"622",10006538,"Забайкальский край"
"623",10006539,NA
"624",10006540,"Астраханская область"
"625",10006541,"Республика Татарстан"
"626",10006542,NA
"627",10006543,"Пермский край"
"628",10006544,NA
"629",10006584,NA
"630",10006585,NA
"631",10006586,"Челябинская область"
"632",10006587,"Пермский край"
"633",10006590,NA
"634",10006591,"Курганская область"
"635",10006594,"Ульяновская область"
"636",10006595,"Томская область"
"637",10006596,NA
"638",10006597,NA
"639",10006598,NA
"640",10006599,"Рязанская область"
"641",10006600,NA
"642",10006601,NA
"643",10006602,NA
"644",10006603,NA
"645",10006604,NA
"646",10006605,NA
"647",10006606,NA
"648",10006607,NA
"649",10006614,NA
"650",10006618,NA
"651",10006622,"Нижегородская область"
"652",10006623,"Пермский край"
"653",10006624,"г.Санкт-Петербург"
"654",10006625,"Краснодарский край"
"655",10006628,NA
"656",10006629,NA
"657",10006632,"Воронежская область"
"658",10006633,NA
"659",10006634,"Архангельская область"
"660",10006635,NA
"661",10006636,NA
"662",10006637,"Хабаровский край"
"663",10006638,"Свердловская область"
"664",10006639,"Республика Бурятия"
"665",10006641,"Псковская область"
"666",10006642,"Мурманская область"
"667",10006643,"Республика Карелия"
"668",10006648,"Оренбургская область"
"669",10006649,"Республика Мордовия"
"670",10006650,"Оренбургская область"
"671",10006651,"Республика Башкортостан"
"672",10006657,NA
"673",10006661,NA
"674",10006662,NA
"675",10006667,NA
"676",10006668,NA
"677",10006669,"Ставропольский край"
"678",10006670,"Краснодарский край"
"679",10006673,"Калининградская область"
"680",10006674,NA
"681",10006682,"Ростовская область"
"682",10006685,"г.Севастополь"
"683",10006720,"Республика Адыгея"
"684",10006721,"Алтайский край"
"685",10006723,"Астраханская область"
"686",10006724,"Саратовская область"
"687",10006725,NA
"688",10006726,"Брянская область"
"689",10006727,"Владимирская область"
"690",10006728,"Вологодская область"
"691",10006729,"Воронежская область"
"692",10006730,"Ленинградская область"
"693",10006731,"Хабаровский край"
"694",10006732,"Нижегородская область"
"695",10006733,"Ивановская область"
"696",10006734,"Удмуртская Республика"
"697",10006735,"Иркутская область"
"698",10006736,"Калининградская область"
"699",10006738,"Калужская область"
"700",10006739,"Республика Карелия"
"701",10006740,"Кировская область"
"702",10006741,"Московская область"
"703",10006742,"Курганская область"
"704",10006743,"Челябинская область"
"705",10006744,NA
"706",10006745,"Мурманская область"
"707",10006746,"Новгородская область"
"708",10006747,"Приморский край"
"709",10006748,"Ростовская область"
"710",10006749,"г.Санкт-Петербург"
"711",10006751,NA
"712",10006752,NA
"713",10006753,"Тамбовская область"
"714",10006758,"Ростовская область"
"715",10006759,"Иркутская область"
"716",10006761,NA
"717",10006762,NA
"718",10006763,NA
"719",10006764,"Пермский край"
"720",10006765,"Нижегородская область"
"721",10006767,NA
"722",10006768,NA
"723",10006769,"Республика Саха (Якутия)"
"724",10006770,NA
"725",10006783,"Иркутская область"
"726",10006784,"Ростовская область"
"727",10006786,"Московская область"
"728",10006793,"Республика Саха (Якутия)"
"729",10006794,"Омская область"
"730",10006796,"Хабаровский край"
"731",10006797,NA
"732",10006798,NA
"733",10006802,NA
"734",10006805,"Хабаровский край"
"735",10006807,"Удмуртская Республика"
"736",10006808,"Иркутская область"
"737",10006809,"Калужская область"
"738",10006810,"Республика Татарстан"
"739",10006811,"Саратовская область"
"740",10006812,"Ростовская область"
"741",10006813,"Республика Карелия"
"742",10006814,"г.Санкт-Петербург"
"743",10006815,"Республика Дагестан"
"744",10006816,"Республика Мордовия"
"745",10006817,"Тульская область"
"746",10006819,"Амурская область"
"747",10006820,"Амурская область"
"748",10006821,"Приморский край"
"749",10006822,"Сахалинская область"
"750",10006823,NA
"751",10006828,NA
"752",10006830,NA
"753",10006831,"Республика Татарстан"
"754",10006832,NA
"755",10006833,NA
"756",10006835,NA
"757",10006838,NA
"758",10006841,"Чукотский автономный округ"
"759",10006842,NA
"760",10006843,NA
"761",10006844,"Ленинградская область"
"762",10006845,"Республика Дагестан"
"763",10006846,NA
"764",10006847,NA
"765",10006848,"Вологодская область"
"766",10006849,NA
"767",10006850,"Новгородская область"
"768",10006851,NA
"769",10006852,"Псковская область"
"770",10006853,NA
"771",10006860,NA
"772",10006861,NA
"773",10006862,NA
"774",10006863,"Воронежская область"
"775",10006864,NA
"776",10006865,NA
"777",10006866,NA
"778",10006867,"Калининградская область"
"779",10006868,NA
"780",10006869,NA
"781",10006872,NA
"782",10006873,"Нижегородская область"
"783",10006875,NA
"784",10006876,"Саратовская область"
"785",10006878,NA
"786",10006879,NA
"787",10006880,"Смоленская область"
"788",10006884,NA
"789",10006886,"Ярославская область"
"790",10006887,"Ивановская область"
"791",10006888,NA
"792",10006891,NA
"793",10006892,NA
"794",10006893,NA
"795",10006895,"Брянская область"
"796",10006898,NA
"797",10006902,"Кемеровская область"
"798",10006903,"Республика Дагестан"
"799",10006904,"Республика Дагестан"
"800",10006905,"Республика Дагестан"
"801",10006907,NA
"802",10006913,NA
"803",10006914,"Липецкая область"
"804",10006915,NA
"805",10006916,"Тамбовская область"
"806",10006917,"Московская область"
"807",10006918,"Республика Татарстан"
"808",10006919,"Республика Татарстан"
"809",10006920,NA
"810",10006921,"Пензенская область"
"811",10006922,NA
"812",10006923,"Самарская область"
"813",10006924,NA
"814",10006925,"Омская область"
"815",10006926,"Курганская область"
"816",10006927,"Республика Башкортостан"
"817",10006928,NA
"818",10006929,NA
"819",10006930,NA
"820",10006931,NA
"821",10006932,"Ростовская область"
"822",10006933,"Тюменская область"
"823",10006934,"Свердловская область"
"824",10006935,"Республика Бурятия"
"825",10006936,"Забайкальский край"
"826",10006937,"Красноярский край"
"827",10006938,NA
"828",10006939,"Красноярский край"
"829",10006940,"Калужская область"
"830",10006941,NA
"831",10006942,NA
"832",10006943,"Иркутская область"
"833",10006944,"Краснодарский край"
"834",10006945,"Иркутская область"
"835",10006946,"Хабаровский край"
"836",10006947,"Томская область"
"837",10006948,"Республика Татарстан"
"838",10006949,"Нижегородская область"
"839",10006950,"Ростовская область"
"840",10006951,"г.Санкт-Петербург"
"841",10006952,"Челябинская область"
"842",10006953,"Воронежская область"
"843",10006954,"Алтайский край"
"844",10006955,"Брянская область"
"845",10006956,"Владимирская область"
"846",10006957,NA
"847",10006958,NA
"848",10006959,"Краснодарский край"
"849",10006960,"Курская область"
"850",10006961,"Липецкая область"
"851",10006962,"Краснодарский край"
"852",10006963,"Орловская область"
"853",10006964,"Пензенская область"
"854",10006965,"Смоленская область"
"855",10006966,"Тульская область"
"856",10006967,"Республика Башкортостан"
"857",10006968,"Челябинская область"
"858",10006969,"Ярославская область"
"859",10006970,"Республика Северная Осетия-Алания"
"860",10006971,"Калужская область"
"861",10006972,"Омская область"
"862",10006973,"г.Санкт-Петербург"
"863",10006974,NA
"864",10006975,NA
"865",10006976,NA
"866",10006977,NA
"867",10006978,NA
"868",10006979,NA
"869",10006980,NA
"870",10006981,NA
"871",10006982,NA
"872",10006983,NA
"873",10006984,NA
"874",10006985,NA
"875",10006986,NA
"876",10006987,"Вологодская область"
"877",10006988,"г.Москва"
"878",10006989,NA
"879",10006990,NA
"880",10006992,NA
"881",10006993,NA
"882",10006994,NA
"883",10006995,NA
"884",10006997,"Ставропольский край"
"885",10006998,"Ставропольский край"
"886",10006999,"Ростовская область"
"887",10007005,NA
"888",10007006,NA
"889",10007007,NA
"890",10007015,NA
"891",10007016,NA
"892",10007017,NA
"893",10007018,NA
"894",10007027,NA
"895",10007029,"Самарская область"
"896",10007036,NA
"897",10007037,NA
"898",10007043,NA
"899",10007044,NA
"900",10007045,NA
"901",10007046,NA
"902",10007047,NA
"903",10007048,NA
"904",10007049,NA
"905",10007050,NA
"906",100256,"г.Санкт-Петербург"
"907",100345,"г.Москва"
"908",101,"Владимирская область"
"909",10110172,"Орловская область"
"910",10110270,NA
"911",10110303,NA
"912",10110306,NA
"913",10110307,NA
"914",10110311,NA
"915",10110312,NA
"916",10110322,"Кировская область"
"917",10110343,NA
"918",10110356,NA
"919",10110385,NA
"920",10110397,NA
"921",10110405,"Брянская область"
"922",10110440,NA
"923",10110442,NA
"924",10110443,"Саратовская область"
"925",10110445,NA
"926",10110446,"Смоленская область"
"927",10110448,NA
"928",10110449,NA
"929",10110450,NA
"930",10110451,NA
"931",10110452,"Тамбовская область"
"932",10110455,"Республика Бурятия"
"933",10110457,"Республика Башкортостан"
"934",10110458,NA
"935",10110459,"Хабаровский край"
"936",10110460,NA
"937",10110462,NA
"938",10110902,"Магаданская область"
"939",10110903,NA
"940",10110906,"Челябинская область"
"941",102,NA
"942",103,"Хабаровский край"
"943",104,"Костромская область"
"944",105,NA
"945",106,"Красноярский край"
"946",108,"Краснодарский край"
"947",109,"Краснодарский край"
"948",11,"Астраханская область"
"949",110,NA
"950",110134,"Республика Мордовия"
"951",110135,"Свердловская область"
"952",110136,"Липецкая область"
"953",110138,NA
"954",110139,"Ханты-Мансийский автономный округ"
"955",110140,NA
"956",110141,NA
"957",110142,NA
"958",110144,"Республика Татарстан"
"959",110145,"г.Москва"
"960",110147,NA
"961",110148,"г.Москва"
"962",110152,NA
"963",110153,"Республика Татарстан"
"964",110154,"Республика Татарстан"
"965",110155,"Астраханская область"
"966",110156,"Иркутская область"
"967",110157,"Республика Бурятия"
"968",110158,"г.Санкт-Петербург"
"969",110159,"г.Санкт-Петербург"
"970",110160,"Республика Башкортостан"
"971",110161,"Белгородская область"
"972",110162,NA
"973",110163,NA
"974",110164,"Волгоградская область"
"975",110165,"Волгоградская область"
"976",110166,NA
"977",110167,"Волгоградская область"
"978",110168,NA
"979",110169,"Воронежская область"
"980",110170,"Воронежская область"
"981",110171,"Удмуртская Республика"
"982",110172,NA
"983",110173,"Республика Саха (Якутия)"
"984",110174,"Тверская область"
"985",110176,NA
"986",110180,"Ленинградская область"
"987",110182,NA
"988",110183,"Московская область"
"989",110185,NA
"990",110186,"г.Москва"
"991",110187,"г.Москва"
"992",110188,"г.Москва"
"993",110189,"Республика Дагестан"
"994",110190,"Республика Дагестан"
"995",110192,"Приморский край"
"996",110193,NA
"997",110194,"Хабаровский край"
"998",110196,NA
"999",110197,NA
"1000",110199,NA
"1001",110200,"Свердловская область"
"1002",110202,"Ставропольский край"
"1003",110203,NA
"1004",110204,"Пермский край"
"1005",110206,NA
"1006",110207,NA
"1007",110209,NA
"1008",110212,NA
"1009",110214,"г.Москва"
"1010",110216,"г.Москва"
"1011",110218,"г.Москва"
"1012",110219,"Тульская область"
"1013",110221,"г.Санкт-Петербург"
"1014",110222,"Московская область"
"1015",110224,NA
"1016",110227,"г.Москва"
"1017",110229,"г.Москва"
"1018",110230,"г.Москва"
"1019",110231,"Астраханская область"
"1020",110232,"г.Москва"
"1021",110236,"Ярославская область"
"1022",110237,"г.Москва"
"1023",110238,NA
"1024",110239,"Омская область"
"1025",110240,NA
"1026",110241,NA
"1027",110243,"г.Москва"
"1028",110244,NA
"1029",110245,NA
"1030",110248,"г.Москва"
"1031",110250,NA
"1032",110251,NA
"1033",110252,NA
"1034",110253,NA
"1035",110254,"г.Москва"
"1036",110255,"Ставропольский край"
"1037",110261,"Республика Дагестан"
"1038",110262,NA
"1039",110263,NA
"1040",110264,NA
"1041",110265,"г.Москва"
"1042",110266,"г.Москва"
"1043",110267,"Воронежская область"
"1044",110269,NA
"1045",110270,NA
"1046",110271,"г.Москва"
"1047",110273,NA
"1048",110274,NA
"1049",110275,"Кабардино-Балкарская Республика"
"1050",110276,"Республика Татарстан"
"1051",110278,NA
"1052",110279,"Республика Татарстан"
"1053",110280,NA
"1054",110281,"Республика Коми"
"1055",110282,"Краснодарский край"
"1056",110283,"Краснодарский край"
"1057",110284,"Краснодарский край"
"1058",110285,NA
"1059",110286,"Республика Башкортостан"
"1060",110288,"Курская область"
"1061",110289,NA
"1062",110291,"г.Санкт-Петербург"
"1063",110292,NA
"1064",110293,"Челябинская область"
"1065",110294,NA
"1066",110295,"г.Москва"
"1067",110296,"г.Москва"
"1068",110297,"Краснодарский край"
"1069",110298,NA
"1070",110301,"г.Москва"
"1071",110302,"Московская область"
"1072",110303,NA
"1073",110306,NA
"1074",110307,NA
"1075",110308,NA
"1076",110309,NA
"1077",110310,NA
"1078",110312,NA
"1079",110313,"г.Москва"
"1080",110314,"г.Москва"
"1081",110315,"г.Москва"
"1082",110316,"Московская область"
"1083",110317,"Московская область"
"1084",110318,"г.Москва"
"1085",110319,"г.Москва"
"1086",110321,NA
"1087",110322,NA
"1088",110324,"г.Москва"
"1089",110326,NA
"1090",110327,NA
"1091",110328,NA
"1092",110329,NA
"1093",110330,"г.Москва"
"1094",110331,NA
"1095",110332,NA
"1096",110333,NA
"1097",110334,"г.Москва"
"1098",110335,NA
"1099",110336,NA
"1100",110337,NA
"1101",110338,"Мурманская область"
"1102",110339,"Республика Татарстан"
"1103",110341,"г.Москва"
"1104",110342,"Свердловская область"
"1105",110343,NA
"1106",110344,"г.Санкт-Петербург"
"1107",110345,"Ставропольский край"
"1108",110346,"Ставропольский край"
"1109",110347,"Нижегородская область"
"1110",110348,NA
"1111",110349,NA
"1112",110350,NA
"1113",110351,"Новосибирская область"
"1114",110352,"Новосибирская область"
"1115",110353,NA
"1116",110354,"Оренбургская область"
"1117",110356,NA
"1118",110357,NA
"1119",110358,NA
"1120",110360,NA
"1121",110361,NA
"1122",110364,NA
"1123",110365,"г.Санкт-Петербург"
"1124",110368,NA
"1125",110369,"г.Москва"
"1126",110371,NA
"1127",110372,"г.Москва"
"1128",110373,"Челябинская область"
"1129",110374,NA
"1130",110375,NA
"1131",110376,NA
"1132",110377,"Самарская область"
"1133",110381,"г.Санкт-Петербург"
"1134",110382,"г.Санкт-Петербург"
"1135",110384,"г.Санкт-Петербург"
"1136",110386,NA
"1137",110389,"Ставропольский край"
"1138",110391,"Республика Северная Осетия-Алания"
"1139",110393,"г.Москва"
"1140",110394,NA
"1141",110395,"Смоленская область"
"1142",110396,"г.Москва"
"1143",110400,NA
"1144",110402,"Ставропольский край"
"1145",110403,NA
"1146",110404,NA
"1147",110405,NA
"1148",110406,"г.Москва"
"1149",110407,NA
"1150",110408,"г.Москва"
"1151",110409,"Ханты-Мансийский автономный округ"
"1152",110410,"Ханты-Мансийский автономный округ"
"1153",110411,"Ханты-Мансийский автономный округ"
"1154",110412,"Тамбовская область"
"1155",110414,NA
"1156",110415,NA
"1157",110416,NA
"1158",110417,NA
"1159",110418,"г.Москва"
"1160",110419,"Свердловская область"
"1161",110420,"Свердловская область"
"1162",110421,"Свердловская область"
"1163",110422,NA
"1164",110425,"Московская область"
"1165",110426,NA
"1166",110428,"Ханты-Мансийский автономный округ"
"1167",110429,"Челябинская область"
"1168",110431,"Чувашская Республика"
"1169",110432,"г.Москва"
"1170",110433,"Челябинская область"
"1171",110434,NA
"1172",110435,"г.Москва"
"1173",110436,"Республика Саха (Якутия)"
"1174",110437,NA
"1175",110438,NA
"1176",110439,NA
"1177",110440,NA
"1178",110441,NA
"1179",110442,NA
"1180",110443,NA
"1181",110444,NA
"1182",110445,NA
"1183",110446,NA
"1184",110447,NA
"1185",110448,NA
"1186",110449,NA
"1187",110450,NA
"1188",110451,NA
"1189",110452,NA
"1190",110453,NA
"1191",110454,"Московская область"
"1192",110455,NA
"1193",110457,NA
"1194",110458,NA
"1195",110459,NA
"1196",110460,NA
"1197",110461,NA
"1198",110462,NA
"1199",110463,NA
"1200",110464,NA
"1201",110465,NA
"1202",110536,"г.Санкт-Петербург"
"1203",110644,"г.Санкт-Петербург"
"1204",110740,"Самарская область"
"1205",110822,"Республика Саха (Якутия)"
"1206",110895,NA
"1207",110899,"г.Москва"
"1208",110900,NA
"1209",110901,NA
"1210",110902,NA
"1211",110903,NA
"1212",110904,NA
"1213",110905,NA
"1214",110906,NA
"1215",111,"Кемеровская область"
"1216",111029,"г.Москва"
"1217",111037,"г.Москва"
"1218",111045,NA
"1219",111086,"г.Москва"
"1220",111088,NA
"1221",111126,NA
"1222",111141,"Республика Татарстан"
"1223",111185,NA
"1224",111186,NA
"1225",111187,NA
"1226",111188,NA
"1227",111206,NA
"1228",111209,NA
"1229",111233,"Волгоградская область"
"1230",112,"Курганская область"
"1231",112814,"г.Москва"
"1232",112847,"г.Санкт-Петербург"
"1233",113,"Курская область"
"1234",113213,"Калининградская область"
"1235",113221,"Республика Крым"
"1236",113232,"г.Москва"
"1237",113293,NA
"1238",113409,NA
"1239",113416,"Республика Крым"
"1240",113427,NA
"1241",113437,"г.Севастополь"
"1242",113493,NA
"1243",113568,"Самарская область"
"1244",113588,"Республика Крым"
"1245",113589,NA
"1246",113593,"Свердловская область"
"1247",113596,"г.Москва"
"1248",114,"Курская область"
"1249",1158,NA
"1250",116,"Липецкая область"
"1251",117,"Липецкая область"
"1252",118,"г.Москва"
"1253",119,NA
"1254",12,"Иркутская область"
"1255",120,"Челябинская область"
"1256",12000444,NA
"1257",12000448,NA
"1258",12000450,NA
"1259",12000452,NA
"1260",12000459,NA
"1261",12000463,NA
"1262",12000464,NA
"1263",12000465,NA
"1264",12003257,NA
"1265",12006915,"Ростовская область"
"1266",12006918,NA
"1267",12006919,NA
"1268",12006920,NA
"1269",12006924,NA
"1270",12006925,"Московская область"
"1271",12006926,NA
"1272",12006927,NA
"1273",12006928,NA
"1274",12006930,"Краснодарский край"
"1275",12006936,"Волгоградская область"
"1276",12006939,"Красноярский край"
"1277",12006987,NA
"1278",12006988,NA
"1279",12006989,NA
"1280",12006990,NA
"1281",12006996,NA
"1282",12007008,NA
"1283",12007010,NA
"1284",12007011,"Московская область"
"1285",12007013,"Московская область"
"1286",12007014,NA
"1287",12007015,"Псковская область"
"1288",12007034,NA
"1289",120111,"г.Москва"
"1290",12011608,"Республика Тыва"
"1291",120119,NA
"1292",12011930,"Московская область"
"1293",12012664,NA
"1294",12012668,NA
"1295",12012670,NA
"1296",12012671,"Свердловская область"
"1297",12012672,"Республика Башкортостан"
"1298",12012673,"Республика Башкортостан"
"1299",12012674,NA
"1300",12012682,NA
"1301",12012687,NA
"1302",12012688,NA
"1303",12012689,NA
"1304",12012690,NA
"1305",12012692,NA
"1306",12012693,NA
"1307",12012695,NA
"1308",12012696,"Республика Северная Осетия-Алания"
"1309",12012697,"Рязанская область"
"1310",12012699,"Воронежская область"
"1311",12012700,"Смоленская область"
"1312",12012701,"Республика Калмыкия"
"1313",12012702,NA
"1314",12012703,NA
"1315",12012704,NA
"1316",12012705,NA
"1317",12012706,"Новгородская область"
"1318",12012707,"Смоленская область"
"1319",12012708,"Удмуртская Республика"
"1320",12012709,"Владимирская область"
"1321",12012710,NA
"1322",12012711,"Чувашская Республика"
"1323",12012712,NA
"1324",12012713,"Волгоградская область"
"1325",12012714,"Калининградская область"
"1326",12012715,"Саратовская область"
"1327",12012716,NA
"1328",12012717,NA
"1329",12012718,"Республика Башкортостан"
"1330",12012719,"Республика Татарстан"
"1331",12012720,"Республика Мордовия"
"1332",12012721,"Краснодарский край"
"1333",12012722,NA
"1334",12012723,NA
"1335",12012724,"Камчатский край"
"1336",12012725,NA
"1337",12012726,NA
"1338",12012727,NA
"1339",12012728,NA
"1340",12012729,NA
"1341",12012730,NA
"1342",12012731,NA
"1343",12012732,"Курская область"
"1344",12012733,"Липецкая область"
"1345",12012734,"Кабардино-Балкарская Республика"
"1346",12012735,NA
"1347",12012736,NA
"1348",12012737,"Ставропольский край"
"1349",12012738,"Республика Татарстан"
"1350",12012739,"Республика Татарстан"
"1351",12012740,NA
"1352",12012741,NA
"1353",12012742,NA
"1354",12012743,NA
"1355",12012744,NA
"1356",12012745,"Республика Татарстан"
"1357",12012746,NA
"1358",12012747,NA
"1359",12012749,NA
"1360",12012750,NA
"1361",12012751,NA
"1362",12012752,NA
"1363",12012754,NA
"1364",12012755,NA
"1365",12012757,"Астраханская область"
"1366",12012758,NA
"1367",12012759,NA
"1368",12012760,NA
"1369",12012761,"Чувашская Республика"
"1370",12012763,NA
"1371",12012771,NA
"1372",12012772,"Саратовская область"
"1373",12012776,NA
"1374",12012777,NA
"1375",12012778,NA
"1376",12012779,NA
"1377",12012780,NA
"1378",12012781,NA
"1379",12012782,NA
"1380",12012783,NA
"1381",12012784,NA
"1382",12012786,"Ростовская область"
"1383",12012787,"Астраханская область"
"1384",12012788,"Ставропольский край"
"1385",12012789,NA
"1386",12012790,"Рязанская область"
"1387",12012791,NA
"1388",12012792,"Ростовская область"
"1389",12012793,"Московская область"
"1390",12012794,NA
"1391",12012795,"Пензенская область"
"1392",12012796,"Нижегородская область"
"1393",12012797,NA
"1394",12012798,NA
"1395",12012799,"Волгоградская область"
"1396",120128,"г.Санкт-Петербург"
"1397",12012800,"Калининградская область"
"1398",12012801,"Кировская область"
"1399",12012802,"Московская область"
"1400",12012803,"Оренбургская область"
"1401",12012804,"Московская область"
"1402",12012805,NA
"1403",12012806,NA
"1404",12012807,NA
"1405",12012808,"Ярославская область"
"1406",12012809,NA
"1407",12012810,"Саратовская область"
"1408",12012811,"г.Москва"
"1409",12012812,NA
"1410",12012813,"Алтайский край"
"1411",12012814,NA
"1412",12012815,"Красноярский край"
"1413",12012816,"Магаданская область"
"1414",12012817,NA
"1415",12012818,NA
"1416",12012819,"Республика Саха (Якутия)"
"1417",12012820,"Калининградская область"
"1418",12012821,NA
"1419",12012822,"Смоленская область"
"1420",12012823,NA
"1421",12012824,NA
"1422",12012825,NA
"1423",12012826,NA
"1424",12012827,"Астраханская область"
"1425",12012828,"Волгоградская область"
"1426",12012829,"Ивановская область"
"1427",12012830,"Московская область"
"1428",12012831,NA
"1429",12012832,"Московская область"
"1430",12012833,NA
"1431",12012834,"Свердловская область"
"1432",12012835,NA
"1433",12012836,"Смоленская область"
"1434",12012837,"Тульская область"
"1435",12012841,NA
"1436",12012842,NA
"1437",12012846,NA
"1438",12012847,NA
"1439",12012848,NA
"1440",12012849,NA
"1441",12012852,NA
"1442",12012853,NA
"1443",12012854,NA
"1444",12012855,NA
"1445",12012856,NA
"1446",12012863,NA
"1447",12012864,"Курская область"
"1448",12012865,"Карачаево-Черкесская Республика"
"1449",12012866,"Пермский край"
"1450",12012867,"Псковская область"
"1451",12012868,NA
"1452",12012869,"Республика Саха (Якутия)"
"1453",12012870,"Рязанская область"
"1454",12012871,"Смоленская область"
"1455",12012872,"Тюменская область"
"1456",12012873,NA
"1457",12012874,NA
"1458",12012875,"Чувашская Республика"
"1459",12012876,"Оренбургская область"
"1460",12012877,NA
"1461",12012878,NA
"1462",12012879,NA
"1463",12012880,NA
"1464",12012881,NA
"1465",12012882,NA
"1466",12012883,NA
"1467",12012884,NA
"1468",12012885,"Свердловская область"
"1469",12012886,NA
"1470",12012887,NA
"1471",12012888,NA
"1472",12012889,NA
"1473",12012890,"Московская область"
"1474",12012891,"Ленинградская область"
"1475",12012892,"Ленинградская область"
"1476",12012893,NA
"1477",12012895,NA
"1478",12012896,NA
"1479",12012897,NA
"1480",12012899,NA
"1481",12012900,NA
"1482",12012901,"Ленинградская область"
"1483",12012902,"Калининградская область"
"1484",12012903,NA
"1485",12012906,"Волгоградская область"
"1486",12012907,NA
"1487",12012908,"Ивановская область"
"1488",12012909,NA
"1489",12012910,NA
"1490",12012911,"Ярославская область"
"1491",12012912,"Липецкая область"
"1492",12012913,"Московская область"
"1493",12012914,"Республика Саха (Якутия)"
"1494",12012915,NA
"1495",12012916,NA
"1496",12012917,NA
"1497",12012918,"Республика Татарстан"
"1498",12012919,"Оренбургская область"
"1499",12012920,NA
"1500",12012922,"Ярославская область"
"1501",12012923,"Челябинская область"
"1502",12012924,"Алтайский край"
"1503",12012925,"Республика Бурятия"
"1504",12012926,"Республика Саха (Якутия)"
"1505",12012927,"г.Севастополь"
"1506",12012928,NA
"1507",12012929,"Челябинская область"
"1508",12012930,"Мурманская область"
"1509",12012931,"Липецкая область"
"1510",12012932,"Воронежская область"
"1511",12012933,"Белгородская область"
"1512",12012935,"Нижегородская область"
"1513",12012936,"Республика Бурятия"
"1514",12012937,"Калужская область"
"1515",12012938,"Вологодская область"
"1516",12012939,"Ульяновская область"
"1517",12012940,"Ханты-Мансийский автономный округ"
"1518",12012941,NA
"1519",12012942,"Липецкая область"
"1520",12012943,NA
"1521",12012944,"Брянская область"
"1522",12012945,NA
"1523",12012946,NA
"1524",12012947,NA
"1525",12012948,NA
"1526",12012949,NA
"1527",12012950,NA
"1528",12012952,"Московская область"
"1529",12012953,"Московская область"
"1530",12012954,"Московская область"
"1531",12012955,"Московская область"
"1532",12012956,NA
"1533",12012957,NA
"1534",12012958,NA
"1535",12012959,NA
"1536",12012960,NA
"1537",12012961,NA
"1538",12012962,"Ярославская область"
"1539",12012963,"Смоленская область"
"1540",12012964,NA
"1541",12012965,NA
"1542",12012966,"Московская область"
"1543",12012967,NA
"1544",12012968,NA
"1545",12012969,NA
"1546",12012970,NA
"1547",12012971,"Брянская область"
"1548",12012972,"Алтайский край"
"1549",12012973,NA
"1550",12012974,NA
"1551",12012975,NA
"1552",12012976,"Красноярский край"
"1553",12012977,"Московская область"
"1554",12012978,NA
"1555",12012979,NA
"1556",12012980,NA
"1557",12012981,"Челябинская область"
"1558",12012982,"Владимирская область"
"1559",12012983,NA
"1560",12012984,"Краснодарский край"
"1561",12012985,NA
"1562",12012986,NA
"1563",12012988,NA
"1564",12012989,NA
"1565",12012990,NA
"1566",12012992,NA
"1567",12012993,NA
"1568",12012994,NA
"1569",12012995,NA
"1570",12012997,"Алтайский край"
"1571",12013001,"Псковская область"
"1572",12013002,"Республика Северная Осетия-Алания"
"1573",12013003,"Владимирская область"
"1574",12013007,NA
"1575",12013008,NA
"1576",12013009,"Хабаровский край"
"1577",12013010,"Костромская область"
"1578",12013011,"Красноярский край"
"1579",12013014,NA
"1580",12013017,"Республика Ингушетия"
"1581",12013018,"Кабардино-Балкарская Республика"
"1582",12013019,"Приморский край"
"1583",12013020,NA
"1584",12013021,"Новгородская область"
"1585",12013022,NA
"1586",12013024,NA
"1587",12013026,"Пензенская область"
"1588",12013028,"Ульяновская область"
"1589",12013029,"Ставропольский край"
"1590",12013030,"Ставропольский край"
"1591",12013031,"Ставропольский край"
"1592",12013032,NA
"1593",12013033,NA
"1594",12013034,NA
"1595",12013035,NA
"1596",12013036,NA
"1597",12013037,NA
"1598",12013038,NA
"1599",12013039,NA
"1600",12013040,NA
"1601",12013041,NA
"1602",12013042,NA
"1603",12013043,NA
"1604",12013044,NA
"1605",12013045,"Астраханская область"
"1606",12013046,NA
"1607",12013047,NA
"1608",12013048,NA
"1609",12013049,"Республика Дагестан"
"1610",12013050,NA
"1611",12013051,"Красноярский край"
"1612",12013052,"Тульская область"
"1613",12013053,NA
"1614",12013054,NA
"1615",12013055,"Самарская область"
"1616",12013056,"Самарская область"
"1617",12013057,"Вологодская область"
"1618",12013058,NA
"1619",12013059,"Челябинская область"
"1620",12013060,"Нижегородская область"
"1621",12013062,NA
"1622",12013063,NA
"1623",12013065,NA
"1624",12013066,"Воронежская область"
"1625",12013067,"Калужская область"
"1626",12013068,"Нижегородская область"
"1627",12013069,NA
"1628",12013070,"Краснодарский край"
"1629",12013071,NA
"1630",12013072,"Мурманская область"
"1631",12013073,"Ставропольский край"
"1632",12013074,NA
"1633",12013075,"Тверская область"
"1634",12013076,NA
"1635",12013077,"Чувашская Республика"
"1636",12013080,NA
"1637",12013090,"г.Севастополь"
"1638",12013096,NA
"1639",12013100,NA
"1640",12013101,NA
"1641",12013103,NA
"1642",12013104,NA
"1643",12013105,"Забайкальский край"
"1644",12013106,"Республика Бурятия"
"1645",12013107,NA
"1646",12013108,NA
"1647",12013109,"Республика Тыва"
"1648",12013110,"Республика Саха (Якутия)"
"1649",12013129,NA
"1650",12013130,NA
"1651",12013131,NA
"1652",12013132,NA
"1653",12013133,NA
"1654",12013134,NA
"1655",12013135,NA
"1656",12013136,NA
"1657",12013147,NA
"1658",12013156,NA
"1659",12013157,NA
"1660",12013158,"Калининградская область"
"1661",12013173,NA
"1662",12013174,NA
"1663",12013179,NA
"1664",12013180,NA
"1665",12013181,NA
"1666",12013182,NA
"1667",12013183,NA
"1668",12013184,NA
"1669",12013185,NA
"1670",12013186,NA
"1671",12013187,NA
"1672",12013188,NA
"1673",12013190,NA
"1674",12013191,NA
"1675",12013192,NA
"1676",12013193,NA
"1677",12013197,NA
"1678",12013198,NA
"1679",12013199,NA
"1680",12013200,NA
"1681",12013211,"Республика Татарстан"
"1682",12013214,NA
"1683",12013215,NA
"1684",12013216,NA
"1685",12013219,"Ленинградская область"
"1686",12013221,NA
"1687",12013222,"Красноярский край"
"1688",12013223,NA
"1689",12013224,"Ленинградская область"
"1690",12013225,NA
"1691",12013226,NA
"1692",12013227,NA
"1693",12013228,"Ярославская область"
"1694",12013230,"Нижегородская область"
"1695",12013231,NA
"1696",12013232,NA
"1697",12013234,NA
"1698",12013235,NA
"1699",12013236,NA
"1700",12013237,NA
"1701",12013238,NA
"1702",12013239,"Республика Калмыкия"
"1703",12013240,NA
"1704",12013242,"Карачаево-Черкесская Республика"
"1705",12013243,NA
"1706",12013244,NA
"1707",12013245,NA
"1708",12013246,NA
"1709",12013247,NA
"1710",12013248,NA
"1711",12013249,"Новгородская область"
"1712",12013253,NA
"1713",12013254,NA
"1714",12013255,NA
"1715",12013256,NA
"1716",12013260,NA
"1717",12013261,NA
"1718",12013262,NA
"1719",12013263,NA
"1720",12013266,NA
"1721",12013601,NA
"1722",12013602,NA
"1723",12013603,NA
"1724",12013604,NA
"1725",12013605,NA
"1726",12013607,NA
"1727",12013608,"Пермский край"
"1728",12013609,NA
"1729",12013610,NA
"1730",12013612,NA
"1731",12013613,NA
"1732",12013614,NA
"1733",12013616,NA
"1734",12013617,NA
"1735",12013618,NA
"1736",12013619,NA
"1737",12013622,NA
"1738",12013623,NA
"1739",12013624,NA
"1740",12013625,NA
"1741",12013626,NA
"1742",12013627,NA
"1743",12013629,NA
"1744",12013630,NA
"1745",12013632,NA
"1746",12013633,NA
"1747",12013634,NA
"1748",12013635,NA
"1749",12013636,NA
"1750",12013637,NA
"1751",12013638,NA
"1752",12013639,NA
"1753",12013640,NA
"1754",12013641,NA
"1755",12013642,NA
"1756",12013643,NA
"1757",12013644,NA
"1758",12013645,NA
"1759",12013646,NA
"1760",12013647,NA
"1761",12013648,NA
"1762",12013649,NA
"1763",12013650,NA
"1764",12013651,NA
"1765",12013653,NA
"1766",12013654,NA
"1767",12013655,NA
"1768",12013656,NA
"1769",12013657,NA
"1770",12013658,NA
"1771",12013659,NA
"1772",12013660,NA
"1773",12013661,NA
"1774",12013662,NA
"1775",12013663,NA
"1776",12013664,NA
"1777",12013665,NA
"1778",12013666,NA
"1779",12013667,NA
"1780",12013668,NA
"1781",12013669,NA
"1782",12013670,NA
"1783",12013671,NA
"1784",12013672,NA
"1785",12013673,NA
"1786",12013674,NA
"1787",12013675,NA
"1788",12013676,NA
"1789",12013677,NA
"1790",12013678,NA
"1791",12013679,NA
"1792",12013680,NA
"1793",12013681,NA
"1794",12013682,NA
"1795",12013683,NA
"1796",12013684,NA
"1797",12013685,NA
"1798",12013686,NA
"1799",12013687,NA
"1800",12013688,NA
"1801",12013689,NA
"1802",12013690,NA
"1803",12013691,NA
"1804",12013692,NA
"1805",12013693,NA
"1806",12013694,NA
"1807",12013695,NA
"1808",12013696,NA
"1809",12013697,NA
"1810",12013698,NA
"1811",12013700,NA
"1812",12013701,NA
"1813",12013702,NA
"1814",12013703,NA
"1815",12013704,NA
"1816",12013705,NA
"1817",12013706,NA
"1818",12013707,NA
"1819",12013708,NA
"1820",12013709,NA
"1821",12013710,NA
"1822",12013711,NA
"1823",12013712,NA
"1824",12013713,NA
"1825",12013714,NA
"1826",12013715,NA
"1827",12013716,NA
"1828",12013717,NA
"1829",12013718,NA
"1830",12013719,NA
"1831",12013720,NA
"1832",12013721,NA
"1833",12013722,NA
"1834",12013723,NA
"1835",12013724,NA
"1836",12013725,NA
"1837",12013726,NA
"1838",12013727,NA
"1839",12013728,NA
"1840",12013729,NA
"1841",12013739,NA
"1842",12013740,NA
"1843",12013741,NA
"1844",12013742,NA
"1845",12013743,NA
"1846",12013744,NA
"1847",12013745,NA
"1848",12013746,NA
"1849",12013747,NA
"1850",12013748,NA
"1851",12013749,NA
"1852",12013750,NA
"1853",12013751,NA
"1854",12013752,NA
"1855",12013753,NA
"1856",12013754,NA
"1857",12013755,NA
"1858",12013756,NA
"1859",12013757,NA
"1860",12013758,NA
"1861",12013760,NA
"1862",12013763,NA
"1863",12013764,NA
"1864",12013765,NA
"1865",12013766,NA
"1866",12013767,NA
"1867",12013768,NA
"1868",12013769,NA
"1869",12013770,NA
"1870",12013771,NA
"1871",12013772,NA
"1872",12013775,NA
"1873",12013776,NA
"1874",12013777,NA
"1875",12013778,NA
"1876",12013779,NA
"1877",12013780,NA
"1878",12013781,NA
"1879",12013782,NA
"1880",12013783,NA
"1881",12013784,NA
"1882",12013786,NA
"1883",12013787,NA
"1884",12013788,NA
"1885",12013789,NA
"1886",12013793,NA
"1887",12013794,NA
"1888",12013795,NA
"1889",12013796,NA
"1890",12013797,NA
"1891",12013798,NA
"1892",12013799,NA
"1893",12013800,NA
"1894",12013801,NA
"1895",12013802,NA
"1896",12013803,NA
"1897",12013804,NA
"1898",12013805,NA
"1899",12013806,NA
"1900",12013808,NA
"1901",12013809,NA
"1902",12013810,NA
"1903",12013811,NA
"1904",12013812,NA
"1905",12013813,NA
"1906",12013814,NA
"1907",12013815,NA
"1908",12013816,NA
"1909",12013817,NA
"1910",12013818,NA
"1911",12013819,NA
"1912",12013820,NA
"1913",12013821,NA
"1914",12013822,NA
"1915",12013823,NA
"1916",12013824,NA
"1917",12013825,NA
"1918",12013826,NA
"1919",12013827,NA
"1920",12013828,NA
"1921",12013853,NA
"1922",12013854,NA
"1923",12013855,NA
"1924",12013856,NA
"1925",12013857,NA
"1926",12013858,NA
"1927",12013859,NA
"1928",12013860,NA
"1929",12013861,NA
"1930",12013862,NA
"1931",12013865,NA
"1932",12013866,NA
"1933",12013867,NA
"1934",12013868,NA
"1935",12013869,NA
"1936",12013870,NA
"1937",12013871,NA
"1938",12013872,NA
"1939",12013873,NA
"1940",12013874,NA
"1941",12013875,NA
"1942",12013876,NA
"1943",12013877,NA
"1944",12013878,NA
"1945",12013879,NA
"1946",12013880,NA
"1947",12013881,NA
"1948",12013882,NA
"1949",12013883,NA
"1950",12013884,NA
"1951",12013885,NA
"1952",12013886,NA
"1953",12013887,NA
"1954",12013888,NA
"1955",12013889,NA
"1956",12013890,NA
"1957",12013891,NA
"1958",12013892,NA
"1959",12013893,NA
"1960",12013894,NA
"1961",12013895,NA
"1962",12013896,NA
"1963",12013897,NA
"1964",12013898,NA
"1965",12013899,NA
"1966",12013900,NA
"1967",12013901,NA
"1968",12013902,NA
"1969",12013903,NA
"1970",12013904,NA
"1971",12013905,NA
"1972",12013906,NA
"1973",12013907,NA
"1974",12013908,NA
"1975",12013909,NA
"1976",12013910,NA
"1977",12013911,NA
"1978",12013912,NA
"1979",12013913,NA
"1980",12013914,NA
"1981",12013915,NA
"1982",12013916,NA
"1983",12013917,NA
"1984",12013918,NA
"1985",12013919,NA
"1986",12013920,NA
"1987",12013921,NA
"1988",12013922,NA
"1989",12013923,NA
"1990",12013924,NA
"1991",12013925,NA
"1992",12013926,NA
"1993",12013927,NA
"1994",12013928,NA
"1995",12013929,NA
"1996",12013930,NA
"1997",12013931,NA
"1998",12013932,NA
"1999",12013933,"Кировская область"
"2000",12013935,"Приморский край"
"2001",12013936,"Красноярский край"
"2002",12013937,NA
"2003",12013938,"Самарская область"
"2004",12013939,NA
"2005",12013940,"Московская область"
"2006",12013941,NA
"2007",12013942,NA
"2008",12013943,NA
"2009",12013944,NA
"2010",12013945,NA
"2011",12013947,NA
"2012",12013948,NA
"2013",12013949,NA
"2014",12013950,NA
"2015",12013952,NA
"2016",12013954,NA
"2017",12013956,NA
"2018",12013957,NA
"2019",12013958,NA
"2020",12013959,NA
"2021",12013960,NA
"2022",12013961,NA
"2023",12013962,NA
"2024",12013963,NA
"2025",12013965,NA
"2026",12013966,NA
"2027",12013967,NA
"2028",12013968,NA
"2029",12013969,NA
"2030",12013970,NA
"2031",12013971,NA
"2032",12013972,NA
"2033",12013973,NA
"2034",12013974,NA
"2035",12013975,NA
"2036",12013976,NA
"2037",12013977,NA
"2038",12013978,NA
"2039",12013979,NA
"2040",12013980,NA
"2041",12013981,NA
"2042",12013982,NA
"2043",12013983,NA
"2044",12013987,NA
"2045",12013988,NA
"2046",12013990,NA
"2047",12013991,NA
"2048",12013992,NA
"2049",12013993,NA
"2050",12013994,NA
"2051",12013995,NA
"2052",12013996,NA
"2053",12013997,NA
"2054",12013998,NA
"2055",12013999,NA
"2056",120140,"Саратовская область"
"2057",12014000,NA
"2058",12014001,NA
"2059",12014002,NA
"2060",12014003,NA
"2061",12014005,NA
"2062",12014006,NA
"2063",12014007,NA
"2064",12014008,NA
"2065",12014009,NA
"2066",12014010,NA
"2067",12014011,NA
"2068",12014012,NA
"2069",12014013,NA
"2070",12014014,NA
"2071",12014015,NA
"2072",12014016,NA
"2073",12014017,NA
"2074",12014018,NA
"2075",12014019,NA
"2076",12014020,NA
"2077",12014021,NA
"2078",12014022,NA
"2079",12014023,NA
"2080",12014024,NA
"2081",12014025,NA
"2082",12014026,NA
"2083",12014027,NA
"2084",12014028,NA
"2085",12014029,NA
"2086",12014030,NA
"2087",12014031,NA
"2088",12014032,NA
"2089",12014033,NA
"2090",12014034,NA
"2091",12014035,NA
"2092",12014036,NA
"2093",12014037,NA
"2094",12014038,NA
"2095",12014039,NA
"2096",12014040,NA
"2097",12014041,NA
"2098",12014042,NA
"2099",12014043,NA
"2100",12014044,NA
"2101",12014045,NA
"2102",12014046,NA
"2103",12014047,NA
"2104",12014048,NA
"2105",12014049,NA
"2106",12014050,NA
"2107",12014051,NA
"2108",12014052,NA
"2109",12014053,NA
"2110",12014054,NA
"2111",12014055,NA
"2112",12014056,NA
"2113",12014057,NA
"2114",12014058,NA
"2115",12014059,NA
"2116",12014060,NA
"2117",12014061,NA
"2118",12014062,NA
"2119",12014063,NA
"2120",12014064,NA
"2121",12014065,NA
"2122",12014066,NA
"2123",12014067,NA
"2124",12014068,NA
"2125",12014069,NA
"2126",12014070,NA
"2127",12014071,NA
"2128",12014072,NA
"2129",12014073,NA
"2130",12014074,NA
"2131",12014075,NA
"2132",12014076,NA
"2133",12014077,NA
"2134",12014078,NA
"2135",12014079,NA
"2136",12014080,NA
"2137",12014081,NA
"2138",12014082,NA
"2139",12014083,NA
"2140",12014084,NA
"2141",12014085,NA
"2142",12014086,NA
"2143",12014087,NA
"2144",12014088,NA
"2145",12014089,NA
"2146",12014106,NA
"2147",12014107,NA
"2148",12014120,NA
"2149",12014121,NA
"2150",12014122,NA
"2151",12014123,NA
"2152",12014124,NA
"2153",12014125,NA
"2154",12014126,NA
"2155",12014127,NA
"2156",12014128,NA
"2157",12014129,NA
"2158",12014130,NA
"2159",12014131,NA
"2160",12014132,NA
"2161",12014133,NA
"2162",12014134,NA
"2163",12014135,NA
"2164",12014136,NA
"2165",12014137,NA
"2166",12014138,NA
"2167",12014139,NA
"2168",12014140,NA
"2169",12014141,NA
"2170",12014142,NA
"2171",12014143,NA
"2172",12014144,NA
"2173",12014145,NA
"2174",12014146,NA
"2175",12014147,NA
"2176",12014148,NA
"2177",12014149,NA
"2178",12014150,NA
"2179",12014151,NA
"2180",12014152,NA
"2181",12014153,NA
"2182",12014154,NA
"2183",12014155,NA
"2184",12014156,NA
"2185",12014157,NA
"2186",12014158,NA
"2187",12014193,NA
"2188",12014194,NA
"2189",12014195,NA
"2190",12014196,NA
"2191",12014197,NA
"2192",12014223,NA
"2193",12014224,NA
"2194",120266,NA
"2195",122,"Республика Адыгея"
"2196",123,"Республика Марий Эл"
"2197",124,"Республика Марий Эл"
"2198",126,"Республика Мордовия"
"2199",127,"Республика Мордовия"
"2200",129,NA
"2201",13,"г.Санкт-Петербург"
"2202",130,"г.Москва"
"2203",131,"г.Москва"
"2204",132,"г.Москва"
"2205",133,"г.Москва"
"2206",134,"г.Москва"
"2207",136,NA
"2208",137,NA
"2209",138,NA
"2210",14,"Республика Башкортостан"
"2211",140,"г.Москва"
"2212",140114299,"Красноярский край"
"2213",140114315,"Московская область"
"2214",140114336,NA
"2215",14013128,NA
"2216",14013129,"Саратовская область"
"2217",14013130,NA
"2218",14013131,NA
"2219",14013132,NA
"2220",14013133,"г.Севастополь"
"2221",14013138,"Чеченская Республика"
"2222",14013139,"Ростовская область"
"2223",14013140,NA
"2224",14013142,"Белгородская область"
"2225",14013143,"Ростовская область"
"2226",14013144,"Ростовская область"
"2227",14013145,NA
"2228",14013146,"Воронежская область"
"2229",14013147,NA
"2230",14013148,NA
"2231",14013149,"г.Севастополь"
"2232",14013152,"Республика Крым"
"2233",14013153,"Республика Крым"
"2234",14013154,"Республика Крым"
"2235",14013175,"Свердловская область"
"2236",14013178,"Московская область"
"2237",14013184,"Московская область"
"2238",14013185,"Московская область"
"2239",14013186,"Ставропольский край"
"2240",14013211,"Свердловская область"
"2241",14013212,"Челябинская область"
"2242",14013214,"Республика Крым"
"2243",14013218,"Саратовская область"
"2244",14013219,"Республика Крым"
"2245",14013220,"Самарская область"
"2246",14013221,NA
"2247",14013222,NA
"2248",14013223,"Краснодарский край"
"2249",14013519,"Московская область"
"2250",14013522,NA
"2251",14013523,NA
"2252",14013524,NA
"2253",14013526,"Калининградская область"
"2254",14013528,"Красноярский край"
"2255",14013530,NA
"2256",14013531,NA
"2257",14013532,NA
"2258",14013535,"Ярославская область"
"2259",14013536,"Краснодарский край"
"2260",14013537,"Калужская область"
"2261",14013538,"Республика Дагестан"
"2262",14013539,"Московская область"
"2263",14013540,"Владимирская область"
"2264",14013541,"Московская область"
"2265",14013542,"Ставропольский край"
"2266",14013543,"Курганская область"
"2267",14013650,NA
"2268",14014174,"Орловская область"
"2269",14014175,"Орловская область"
"2270",14014176,"Брянская область"
"2271",14014190,NA
"2272",14014191,"Чувашская Республика"
"2273",14014192,"Московская область"
"2274",14014193,"Московская область"
"2275",14014194,"Рязанская область"
"2276",14014199,"Московская область"
"2277",14014200,"Ростовская область"
"2278",14014261,"Волгоградская область"
"2279",14014263,"Республика Башкортостан"
"2280",14014266,NA
"2281",14014292,NA
"2282",14014311,"г.Москва"
"2283",14014336,NA
"2284",14014347,NA
"2285",14014359,NA
"2286",14014378,NA
"2287",14014394,NA
"2288",141,"г.Москва"
"2289",143,"г.Москва"
"2290",144,"г.Москва"
"2291",146,NA
"2292",147,"г.Москва"
"2293",148,"г.Москва"
"2294",149,NA
"2295",15,"Республика Башкортостан"
"2296",150,"г.Москва"
"2297",1507,"Красноярский край"
"2298",151,"г.Москва"
"2299",1519,"Республика Татарстан"
"2300",1520,"Приморский край"
"2301",1527,"Республика Саха (Якутия)"
"2302",153,NA
"2303",1530,"Псковская область"
"2304",154,NA
"2305",1544,"Архангельская область"
"2306",155,"г.Москва"
"2307",1556,"г.Москва"
"2308",1558,"Республика Дагестан"
"2309",156,NA
"2310",1560,"Приморский край"
"2311",1562,"Республика Татарстан"
"2312",1563,"Астраханская область"
"2313",1564,"г.Санкт-Петербург"
"2314",1566,"г.Москва"
"2315",1569,"Московская область"
"2316",1570,"Самарская область"
"2317",1572,"г.Санкт-Петербург"
"2318",1573,"Оренбургская область"
"2319",1574,"Республика Северная Осетия-Алания"
"2320",1576,"Омская область"
"2321",1577,"Пермский край"
"2322",1578,"Амурская область"
"2323",1579,"Архангельская область"
"2324",158,"г.Москва"
"2325",1580,"г.Санкт-Петербург"
"2326",1581,"Самарская область"
"2327",1582,"Ростовская область"
"2328",1583,NA
"2329",1584,"Удмуртская Республика"
"2330",1585,"Ярославская область"
"2331",1586,"Кировская область"
"2332",1587,"Нижегородская область"
"2333",1588,"Тюменская область"
"2334",1589,"Красноярский край"
"2335",159,"г.Москва"
"2336",1590,"г.Санкт-Петербург"
"2337",1591,"Челябинская область"
"2338",1593,"г.Москва"
"2339",1594,"Воронежская область"
"2340",1595,"г.Москва"
"2341",1596,"Иркутская область"
"2342",1597,"Волгоградская область"
"2343",1599,"Омская область"
"2344",16,"Белгородская область"
"2345",160,"г.Москва"
"2346",1601,"Калининградская область"
"2347",1602,"Мурманская область"
"2348",1603,"Самарская область"
"2349",1606,"Ставропольский край"
"2350",1607,"Свердловская область"
"2351",1608,"Кемеровская область"
"2352",1609,"Ивановская область"
"2353",161,"г.Москва"
"2354",1610,"г.Москва"
"2355",1612,"Алтайский край"
"2356",1616,"г.Санкт-Петербург"
"2357",1618,"Томская область"
"2358",1619,"Новосибирская область"
"2359",162,"г.Москва"
"2360",1621,"Тверская область"
"2361",1622,"Забайкальский край"
"2362",1624,"Оренбургская область"
"2363",1626,"Хабаровский край"
"2364",163,"Мурманская область"
"2365",1631,"Костромская область"
"2366",1632,"Пензенская область"
"2367",1633,NA
"2368",1634,"Курганская область"
"2369",1635,"Орловская область"
"2370",1636,"Республика Северная Осетия-Алания"
"2371",1637,NA
"2372",1638,"Омская область"
"2373",1639,"г.Москва"
"2374",164,"Республика Татарстан"
"2375",1640,"г.Москва"
"2376",1641,"Красноярский край"
"2377",1642,"Ставропольский край"
"2378",1643,"Ульяновская область"
"2379",1644,"г.Москва"
"2380",1645,"г.Москва"
"2381",1646,"Республика Татарстан"
"2382",1647,"г.Москва"
"2383",1648,"г.Санкт-Петербург"
"2384",1649,"Новосибирская область"
"2385",165,"г.Москва"
"2386",1650,"Воронежская область"
"2387",1651,"г.Москва"
"2388",1652,"Нижегородская область"
"2389",1653,"Воронежская область"
"2390",1654,"г.Москва"
"2391",1655,"Астраханская область"
"2392",1656,"Республика Карелия"
"2393",1657,"Ярославская область"
"2394",1658,"Кабардино-Балкарская Республика"
"2395",1659,"г.Москва"
"2396",166,"Нижегородская область"
"2397",1660,"Псковская область"
"2398",1661,"Саратовская область"
"2399",1662,"Рязанская область"
"2400",1663,"Краснодарский край"
"2401",1664,"Пермский край"
"2402",1665,"Республика Дагестан"
"2403",1666,"Кемеровская область"
"2404",1667,NA
"2405",1668,"г.Москва"
"2406",1669,"Ярославская область"
"2407",167,"Нижегородская область"
"2408",1670,"Республика Татарстан"
"2409",1671,"Ростовская область"
"2410",1672,"Вологодская область"
"2411",1673,"Кемеровская область"
"2412",1674,"Курская область"
"2413",1675,"Белгородская область"
"2414",1676,"Свердловская область"
"2415",1677,"Ивановская область"
"2416",1678,"Ростовская область"
"2417",1679,"Свердловская область"
"2418",168,"Нижегородская область"
"2419",1680,"Тюменская область"
"2420",1681,"Кировская область"
"2421",1682,"Алтайский край"
"2422",1683,"Удмуртская Республика"
"2423",1685,"Самарская область"
"2424",1686,"Республика Бурятия"
"2425",1687,"Челябинская область"
"2426",1688,"Алтайский край"
"2427",1689,"Чувашская Республика"
"2428",169,"Нижегородская область"
"2429",1690,"Иркутская область"
"2430",1691,"Хабаровский край"
"2431",1693,"Республика Саха (Якутия)"
"2432",1694,"Московская область"
"2433",1695,"Приморский край"
"2434",1696,"Самарская область"
"2435",1697,"Волгоградская область"
"2436",1698,"Республика Татарстан"
"2437",1699,NA
"2438",17,"Белгородская область"
"2439",170,"Нижегородская область"
"2440",1700,"Новосибирская область"
"2441",1701,"Республика Башкортостан"
"2442",1702,"Оренбургская область"
"2443",1703,"Республика Башкортостан"
"2444",1704,"Хабаровский край"
"2445",1705,"Нижегородская область"
"2446",1706,"Московская область"
"2447",1707,"г.Санкт-Петербург"
"2448",1709,"Приморский край"
"2449",1710,"Тверская область"
"2450",1711,"Саратовская область"
"2451",1712,"Кабардино-Балкарская Республика"
"2452",1713,"Тюменская область"
"2453",1714,"г.Санкт-Петербург"
"2454",1715,"Новосибирская область"
"2455",1716,"г.Москва"
"2456",1717,"г.Москва"
"2457",1718,"Астраханская область"
"2458",1719,"Новосибирская область"
"2459",172,NA
"2460",1720,"г.Санкт-Петербург"
"2461",1722,"г.Санкт-Петербург"
"2462",1723,"г.Москва"
"2463",1724,"Свердловская область"
"2464",1725,"г.Москва"
"2465",1727,"г.Санкт-Петербург"
"2466",1728,"Краснодарский край"
"2467",1729,"г.Москва"
"2468",173,"Новгородская область"
"2469",1730,"Саратовская область"
"2470",1731,"Республика Башкортостан"
"2471",1734,"г.Санкт-Петербург"
"2472",1735,"г.Санкт-Петербург"
"2473",1736,"Тамбовская область"
"2474",1737,"Республика Бурятия"
"2475",1738,"г.Санкт-Петербург"
"2476",1739,"г.Москва"
"2477",174,"Новосибирская область"
"2478",1741,"Псковская область"
"2479",1742,"Республика Саха (Якутия)"
"2480",1743,"Московская область"
"2481",1745,"Орловская область"
"2482",1747,"Краснодарский край"
"2483",1748,"Республика Татарстан"
"2484",1749,"Смоленская область"
"2485",175,"Новосибирская область"
"2486",1750,"Камчатский край"
"2487",1751,"Амурская область"
"2488",1752,"Челябинская область"
"2489",1753,"Волгоградская область"
"2490",1754,NA
"2491",1755,"г.Санкт-Петербург"
"2492",1756,"Приморский край"
"2493",1757,"Иркутская область"
"2494",1758,"г.Москва"
"2495",1759,"Свердловская область"
"2496",176,"Новосибирская область"
"2497",1760,"Ульяновская область"
"2498",1761,"Омская область"
"2499",1762,"Воронежская область"
"2500",1763,"Новосибирская область"
"2501",1764,"Республика Татарстан"
"2502",1765,"Рязанская область"
"2503",1766,"г.Москва"
"2504",1767,"г.Москва"
"2505",1768,"Краснодарский край"
"2506",1769,NA
"2507",177,"Новосибирская область"
"2508",1770,NA
"2509",1771,"г.Санкт-Петербург"
"2510",1772,"Брянская область"
"2511",1773,NA
"2512",1774,"Челябинская область"
"2513",1775,"Пермский край"
"2514",1776,"Пермский край"
"2515",1777,NA
"2516",1778,"Нижегородская область"
"2517",1779,"Хабаровский край"
"2518",178,"Новосибирская область"
"2519",1780,"Красноярский край"
"2520",1781,"г.Москва"
"2521",1782,"Краснодарский край"
"2522",1783,"г.Москва"
"2523",1784,"Ханты-Мансийский автономный округ"
"2524",1785,"г.Санкт-Петербург"
"2525",1786,"Курская область"
"2526",1787,"г.Москва"
"2527",1788,"г.Москва"
"2528",1789,"г.Санкт-Петербург"
"2529",179,"Новосибирская область"
"2530",1790,"Смоленская область"
"2531",1791,"г.Москва"
"2532",1792,"г.Москва"
"2533",1793,"Красноярский край"
"2534",1794,"Ростовская область"
"2535",1795,"Республика Саха (Якутия)"
"2536",1796,"Пермский край"
"2537",1798,"г.Москва"
"2538",1799,NA
"2539",180,"Красноярский край"
"2540",1800,"Приморский край"
"2541",1801,NA
"2542",1802,NA
"2543",1803,NA
"2544",1804,"Смоленская область"
"2545",1806,"г.Москва"
"2546",1807,"г.Москва"
"2547",1808,NA
"2548",1809,"Липецкая область"
"2549",181,NA
"2550",1810,"г.Москва"
"2551",1811,"Камчатский край"
"2552",1812,"г.Санкт-Петербург"
"2553",1813,"Нижегородская область"
"2554",1814,NA
"2555",1816,NA
"2556",1817,"Краснодарский край"
"2557",1818,"Тверская область"
"2558",1819,"Самарская область"
"2559",182,"Омская область"
"2560",1820,NA
"2561",1821,NA
"2562",1822,"г.Санкт-Петербург"
"2563",1823,"г.Москва"
"2564",1824,"г.Санкт-Петербург"
"2565",1825,NA
"2566",1826,"Республика Дагестан"
"2567",1827,"Московская область"
"2568",1828,NA
"2569",1829,NA
"2570",183,"Омская область"
"2571",1830,NA
"2572",1831,"г.Москва"
"2573",1832,"Тверская область"
"2574",1833,"Рязанская область"
"2575",1834,"г.Москва"
"2576",1835,"г.Москва"
"2577",1836,NA
"2578",1837,"г.Москва"
"2579",1838,"Челябинская область"
"2580",1839,NA
"2581",184,"Омская область"
"2582",1840,"г.Москва"
"2583",1841,NA
"2584",1842,"Брянская область"
"2585",1843,NA
"2586",1844,NA
"2587",1845,"Московская область"
"2588",1846,"г.Москва"
"2589",1847,"Белгородская область"
"2590",1848,"Республика Татарстан"
"2591",1849,"Республика Башкортостан"
"2592",185,NA
"2593",1850,"г.Санкт-Петербург"
"2594",1851,"Курская область"
"2595",1852,"Краснодарский край"
"2596",1853,"Самарская область"
"2597",1854,"Томская область"
"2598",1855,"Краснодарский край"
"2599",1856,NA
"2600",1857,NA
"2601",1858,NA
"2602",1859,"Ростовская область"
"2603",186,"Оренбургская область"
"2604",1860,"г.Москва"
"2605",1861,"Московская область"
"2606",1862,NA
"2607",1863,"Липецкая область"
"2608",1864,NA
"2609",1865,NA
"2610",1866,"г.Москва"
"2611",1867,"Воронежская область"
"2612",1868,"г.Москва"
"2613",1869,"г.Санкт-Петербург"
"2614",187,"Оренбургская область"
"2615",1870,"Смоленская область"
"2616",1871,"Республика Ингушетия"
"2617",1872,"Омская область"
"2618",1873,"Рязанская область"
"2619",1874,NA
"2620",1875,NA
"2621",1876,"Воронежская область"
"2622",1877,"Республика Татарстан"
"2623",1878,NA
"2624",1879,NA
"2625",1880,"г.Москва"
"2626",1881,"г.Москва"
"2627",1882,"г.Москва"
"2628",1883,"Удмуртская Республика"
"2629",1885,"Московская область"
"2630",1886,"Челябинская область"
"2631",1887,"Республика Дагестан"
"2632",1888,"Ярославская область"
"2633",1889,NA
"2634",189,"Орловская область"
"2635",1890,"Ставропольский край"
"2636",1891,"Архангельская область"
"2637",1892,"Калужская область"
"2638",1893,"Самарская область"
"2639",1894,NA
"2640",1895,NA
"2641",1896,"г.Москва"
"2642",1897,NA
"2643",1898,"Смоленская область"
"2644",19,"Алтайский край"
"2645",190,NA
"2646",1900,NA
"2647",1901,"Республика Татарстан"
"2648",1902,"Новосибирская область"
"2649",1903,"Самарская область"
"2650",1904,"Республика Дагестан"
"2651",1905,"Ставропольский край"
"2652",1906,NA
"2653",1907,"г.Санкт-Петербург"
"2654",1908,NA
"2655",1909,"г.Москва"
"2656",191,"Орловская область"
"2657",1910,NA
"2658",1911,NA
"2659",1912,"Кировская область"
"2660",1913,"Свердловская область"
"2661",1915,NA
"2662",1916,"Новосибирская область"
"2663",1917,"г.Москва"
"2664",1918,"Курская область"
"2665",1919,"Самарская область"
"2666",192,"Пензенская область"
"2667",1921,NA
"2668",1922,NA
"2669",1923,"Иркутская область"
"2670",1924,"Омская область"
"2671",1925,"Ставропольский край"
"2672",1926,"Московская область"
"2673",1927,NA
"2674",1928,"Самарская область"
"2675",1930,NA
"2676",1932,"Ростовская область"
"2677",1933,"г.Санкт-Петербург"
"2678",1934,"Краснодарский край"
"2679",1935,"Ставропольский край"
"2680",1937,NA
"2681",1938,"г.Москва"
"2682",194,"Пензенская область"
"2683",1940,NA
"2684",1941,NA
"2685",1942,NA
"2686",1943,"г.Москва"
"2687",1944,"г.Москва"
"2688",1945,NA
"2689",1946,"г.Москва"
"2690",1947,"Нижегородская область"
"2691",1948,"Краснодарский край"
"2692",1949,NA
"2693",195,"Пензенская область"
"2694",1950,NA
"2695",1951,NA
"2696",1952,"г.Москва"
"2697",1953,"Самарская область"
"2698",1954,"г.Санкт-Петербург"
"2699",1955,"г.Москва"
"2700",1956,NA
"2701",1957,NA
"2702",1958,"Омская область"
"2703",1959,"г.Санкт-Петербург"
"2704",196,"Пермский край"
"2705",1960,"г.Москва"
"2706",1961,"г.Москва"
"2707",1962,"Новосибирская область"
"2708",1963,"г.Москва"
"2709",1964,"г.Москва"
"2710",1965,NA
"2711",1966,NA
"2712",1967,"г.Москва"
"2713",1968,"Омская область"
"2714",1969,NA
"2715",197,"Пермский край"
"2716",1970,"г.Москва"
"2717",1971,"Ростовская область"
"2718",1972,NA
"2719",1973,"г.Москва"
"2720",1974,"Свердловская область"
"2721",1975,"Тульская область"
"2722",1976,"Московская область"
"2723",1977,"г.Санкт-Петербург"
"2724",1978,NA
"2725",1979,"Сахалинская область"
"2726",198,"Пермский край"
"2727",1981,NA
"2728",1982,"г.Москва"
"2729",1983,"г.Санкт-Петербург"
"2730",1984,NA
"2731",1985,NA
"2732",1986,"Московская область"
"2733",1987,NA
"2734",1988,"Республика Северная Осетия-Алания"
"2735",199,"Республика Карелия"
"2736",1990,"г.Санкт-Петербург"
"2737",1991,"Иркутская область"
"2738",1992,NA
"2739",1994,"Тульская область"
"2740",1995,"г.Москва"
"2741",1996,"Воронежская область"
"2742",1997,NA
"2743",1998,"Московская область"
"2744",1999,NA
"2745",2,"Алтайский край"
"2746",2000,"Ставропольский край"
"2747",2001,NA
"2748",2002,"г.Санкт-Петербург"
"2749",2003,NA
"2750",2004,"Алтайский край"
"2751",2005,"Пермский край"
"2752",2007,"Новосибирская область"
"2753",2008,"Волгоградская область"
"2754",2009,"Краснодарский край"
"2755",201,"Самарская область"
"2756",2010,NA
"2757",2011,NA
"2758",2012,"г.Москва"
"2759",2015,NA
"2760",2016,NA
"2761",2017,"Тульская область"
"2762",2018,"г.Санкт-Петербург"
"2763",2019,NA
"2764",202,"Самарская область"
"2765",2021,NA
"2766",2022,NA
"2767",2023,NA
"2768",2024,NA
"2769",2025,"Новосибирская область"
"2770",2026,"Республика Дагестан"
"2771",2027,"г.Москва"
"2772",2028,"г.Москва"
"2773",2029,NA
"2774",2030,NA
"2775",2032,NA
"2776",2033,NA
"2777",2034,"Московская область"
"2778",2035,"Красноярский край"
"2779",2036,"Московская область"
"2780",2039,NA
"2781",2040,"Республика Татарстан"
"2782",2041,"Челябинская область"
"2783",2042,"г.Санкт-Петербург"
"2784",2043,"г.Санкт-Петербург"
"2785",2044,NA
"2786",2045,NA
"2787",2046,"г.Москва"
"2788",2047,"г.Москва"
"2789",2048,"Московская область"
"2790",2049,NA
"2791",2050,NA
"2792",2051,NA
"2793",2052,NA
"2794",2053,"г.Москва"
"2795",2054,NA
"2796",2055,NA
"2797",2056,NA
"2798",2057,NA
"2799",2059,NA
"2800",206,"Московская область"
"2801",2060,"Республика Марий Эл"
"2802",2062,NA
"2803",2063,"г.Санкт-Петербург"
"2804",2064,"Калининградская область"
"2805",2065,"г.Санкт-Петербург"
"2806",2066,"Владимирская область"
"2807",2067,"Свердловская область"
"2808",2068,NA
"2809",2069,NA
"2810",207,"Ставропольский край"
"2811",2070,"Ростовская область"
"2812",2071,"Курская область"
"2813",2072,"Калужская область"
"2814",2073,NA
"2815",2074,NA
"2816",2075,NA
"2817",2076,NA
"2818",2077,NA
"2819",2078,"г.Москва"
"2820",2079,"г.Санкт-Петербург"
"2821",2080,NA
"2822",2081,"Краснодарский край"
"2823",2082,"Архангельская область"
"2824",2083,NA
"2825",2084,"г.Москва"
"2826",2085,"г.Москва"
"2827",2086,NA
"2828",2087,NA
"2829",2088,NA
"2830",2089,"г.Москва"
"2831",209,"г.Москва"
"2832",2090,NA
"2833",2091,NA
"2834",2092,"Хабаровский край"
"2835",2093,NA
"2836",2094,"Республика Дагестан"
"2837",2095,NA
"2838",2096,"г.Москва"
"2839",2097,NA
"2840",2098,NA
"2841",2099,NA
"2842",21,"Амурская область"
"2843",210,"г.Москва"
"2844",2100,NA
"2845",2101,NA
"2846",2102,NA
"2847",211,"г.Санкт-Петербург"
"2848",212,"г.Москва"
"2849",213,"г.Санкт-Петербург"
"2850",214,"Свердловская область"
"2851",215,"г.Москва"
"2852",2151,"г.Москва"
"2853",2155,NA
"2854",216,NA
"2855",217,"Калининградская область"
"2856",218,NA
"2857",2183,"г.Москва"
"2858",2184,NA
"2859",2189,NA
"2860",219,"г.Москва"
"2861",2197,"г.Москва"
"2862",2198,"Ивановская область"
"2863",22,NA
"2864",220,"Московская область"
"2865",222,"г.Москва"
"2866",223,"г.Москва"
"2867",227,NA
"2868",228,"Ростовская область"
"2869",229,"Ярославская область"
"2870",23,"Иркутская область"
"2871",230,"Рязанская область"
"2872",231,"Рязанская область"
"2873",232,"г.Санкт-Петербург"
"2874",233,"г.Санкт-Петербург"
"2875",234,"г.Санкт-Петербург"
"2876",236,"г.Санкт-Петербург"
"2877",237,"г.Санкт-Петербург"
"2878",239,"г.Санкт-Петербург"
"2879",24,"Брянская область"
"2880",240,"г.Санкт-Петербург"
"2881",241,NA
"2882",242,"г.Санкт-Петербург"
"2883",243,"г.Санкт-Петербург"
"2884",245,"г.Санкт-Петербург"
"2885",247,"г.Санкт-Петербург"
"2886",249,NA
"2887",25,"Брянская область"
"2888",250,NA
"2889",251,"Самарская область"
"2890",252,"Самарская область"
"2891",253,NA
"2892",254,"Самарская область"
"2893",255,"Саратовская область"
"2894",256,NA
"2895",257,"Саратовская область"
"2896",258,"Саратовская область"
"2897",26,"Брянская область"
"2898",260,"Сахалинская область"
"2899",261,"Магаданская область"
"2900",265,"Республика Северная Осетия-Алания"
"2901",266,"Ставропольский край"
"2902",267,"Республика Северная Осетия-Алания"
"2903",269,"Омская область"
"2904",27,"Республика Бурятия"
"2905",270,"Новосибирская область"
"2906",271,"Красноярский край"
"2907",272,"Кемеровская область"
"2908",273,NA
"2909",276,"Смоленская область"
"2910",277,NA
"2911",278,"Краснодарский край"
"2912",28,"Приморский край"
"2913",281,"Республика Коми"
"2914",282,NA
"2915",283,"Тамбовская область"
"2916",284,"Тамбовская область"
"2917",286,"Тверская область"
"2918",287,"Тверская область"
"2919",288,"Хабаровский край"
"2920",290,NA
"2921",291,"Самарская область"
"2922",292,"Томская область"
"2923",293,"Томская область"
"2924",294,"Томская область"
"2925",295,"Томская область"
"2926",296,"Томская область"
"2927",297,"Тульская область"
"2928",298,"Тульская область"
"2929",299,"Республика Тыва"
"2930",3,"Алтайский край"
"2931",30,"Владимирская область"
"2932",300,NA
"2933",301,"Тюменская область"
"2934",302,"Тюменская область"
"2935",303,"Удмуртская Республика"
"2936",304,"Ульяновская область"
"2937",305,"Ульяновская область"
"2938",306,"Ульяновская область"
"2939",308,"Свердловская область"
"2940",309,"Свердловская область"
"2941",310,"Свердловская область"
"2942",311,"Свердловская область"
"2943",312,"Свердловская область"
"2944",313,"Свердловская область"
"2945",315,"Свердловская область"
"2946",317,NA
"2947",318,"Республика Башкортостан"
"2948",319,"Республика Башкортостан"
"2949",320,"Республика Коми"
"2950",321,"Хабаровский край"
"2951",322,"Республика Хакасия"
"2952",323,"Челябинская область"
"2953",324,"Челябинская область"
"2954",325,"Вологодская область"
"2955",326,"Чеченская Республика"
"2956",327,"Чеченская Республика"
"2957",328,"Забайкальский край"
"2958",329,"Чувашская Республика"
"2959",33,NA
"2960",330,"Чувашская Республика"
"2961",331,"Курганская область"
"2962",333,"Ханты-Мансийский автономный округ"
"2963",334,"Ростовская область"
"2964",336,"Челябинская область"
"2965",337,"Ростовская область"
"2966",34,"Волгоградская область"
"2967",340,"Ярославская область"
"2968",341,"Ярославская область"
"2969",342,"Ярославская область"
"2970",35,"Волгоградская область"
"2971",36,"Волгоградская область"
"2972",38,NA
"2973",39,"Вологодская область"
"2974",4,"Алтайский край"
"2975",40,"Воронежская область"
"2976",41,"Воронежская область"
"2977",42,NA
"2978",43,"Воронежская область"
"2979",44,"Воронежская область"
"2980",45,"Воронежская область"
"2981",46,"Республика Бурятия"
"2982",48,"г.Санкт-Петербург"
"2983",49,NA
"2984",5,"Амурская область"
"2985",50,"Кировская область"
"2986",51,"Московская область"
"2987",52,"Удмуртская Республика"
"2988",53,"Республика Алтай"
"2989",54,NA
"2990",55,NA
"2991",5516,"Республика Крым"
"2992",5517,"Республика Крым"
"2993",5518,NA
"2994",5519,"Республика Крым"
"2995",5542,NA
"2996",555118,NA
"2997",5572,NA
"2998",56,NA
"2999",5616,"г.Москва"
"3000",5618,"г.Санкт-Петербург"
"3001",5625,"г.Санкт-Петербург"
"3002",5631,NA
"3003",5635,NA
"3004",5636,NA
"3005",5637,NA
"3006",5664,"г.Москва"
"3007",5675,NA
"3008",57,"г.Москва"
"3009",58,"г.Москва"
"3010",5802,"г.Москва"
"3011",59,"г.Москва"
"3012",5961,"Пензенская область"
"3013",6,"Хабаровский край"
"3014",60,"г.Москва"
"3015",61,"Чеченская Республика"
"3016",62,"Республика Дагестан"
"3017",63,"Республика Дагестан"
"3018",64,"Республика Дагестан"
"3019",66,"Еврейская автономная область"
"3020",666666786,NA
"3021",666667005,NA
"3022",67,NA
"3023",7,"Иркутская область"
"3024",70,"Ростовская область"
"3025",72,"Липецкая область"
"3026",76,"Ивановская область"
"3027",77,"Ивановская область"
"3028",78,"Ивановская область"
"3029",79,"Удмуртская Республика"
"3030",80,"Республика Ингушетия"
"3031",81,NA
"3032",82,"Иркутская область"
"3033",83,"Иркутская область"
"3034",84,NA
"3035",85,"Кабардино-Балкарская Республика"
"3036",86,"Республика Татарстан"
"3037",87,"Республика Татарстан"
"3038",88,"Республика Татарстан"
"3039",9,"Краснодарский край"
"3040",91,"Республика Татарстан"
"3041",92,"Республика Калмыкия"
"3042",93,"Калужская область"
"3043",95,"Камчатский край"
"3044",96,"Карачаево-Черкесская Республика"
"3045",97,"Карачаево-Черкесская Республика"
"3046",99,"Кемеровская область"
